,Reason 1,Reason 3,Reason 2,Reason 4,Transportation Expense,Distance to Work,Age,Daily Work Load Average,Body Mass Index,Education,Children,Pets,Month,Day of the Week,Excessive Absenteeism
0,0,0,0,1,289,36,33,239.554,30,0,2,1,7,1,1
1,0,0,0,0,118,13,50,239.554,31,0,1,0,7,1,0
2,0,0,0,1,179,51,38,239.554,31,0,0,0,7,2,0
3,1,0,0,0,279,5,39,239.554,24,0,2,0,7,3,1
4,0,0,0,1,289,36,33,239.554,30,0,2,1,7,3,0
5,0,0,0,1,179,51,38,239.554,31,0,0,0,7,4,0
6,0,0,0,1,361,52,28,239.554,27,0,1,4,7,4,1
7,0,0,0,1,260,50,36,239.554,23,0,4,0,7,4,1
8,0,1,0,0,155,12,34,239.554,25,0,2,0,7,0,1
9,0,0,0,1,235,11,37,239.554,29,1,1,1,7,0,1
10,1,0,0,0,260,50,36,239.554,23,0,4,0,7,0,1
11,1,0,0,0,260,50,36,239.554,23,0,4,0,7,1,1
12,1,0,0,0,260,50,36,239.554,23,0,4,0,7,2,1
13,1,0,0,0,179,51,38,239.554,31,0,0,0,7,2,0
14,0,0,0,1,179,51,38,239.554,31,0,0,0,7,2,1
15,1,0,0,0,246,25,41,239.554,23,0,0,0,7,4,1
16,0,0,0,1,179,51,38,239.554,31,0,0,0,7,4,0
17,0,1,0,0,179,51,38,239.554,31,0,0,0,7,0,1
18,1,0,0,0,189,29,33,239.554,25,0,2,2,7,3,1
19,0,0,0,1,248,25,47,205.917,32,0,2,1,8,2,0
20,1,0,0,0,330,16,28,205.917,25,1,0,0,8,2,1
21,1,0,0,0,179,51,38,205.917,31,0,0,0,8,0,0
22,1,0,0,0,361,52,28,205.917,27,0,1,4,8,0,1
23,0,0,0,1,260,50,36,205.917,23,0,4,0,8,4,1
24,0,1,0,0,289,36,33,205.917,30,0,2,1,8,0,1
25,0,0,0,1,361,52,28,205.917,27,0,1,4,8,0,1
26,0,0,0,1,289,36,33,205.917,30,0,2,1,8,1,0
27,0,0,0,1,157,27,29,205.917,22,0,0,0,8,2,1
28,0,1,0,0,289,36,33,205.917,30,0,2,1,8,2,1
29,0,0,0,1,179,51,38,205.917,31,0,0,0,8,4,0
30,0,1,0,0,179,51,38,205.917,31,0,0,0,8,0,1
31,0,1,0,0,235,29,48,205.917,33,0,1,5,8,3,1
32,0,0,0,1,235,11,37,205.917,29,1,1,1,8,3,1
33,0,1,0,0,235,29,48,205.917,33,0,1,5,8,0,1
34,0,0,0,1,179,51,38,205.917,31,0,0,0,8,0,0
35,0,0,0,1,361,52,28,205.917,27,0,1,4,8,0,0
36,0,0,0,1,289,36,33,205.917,30,0,2,1,8,1,1
37,1,0,0,0,291,50,32,205.917,23,0,0,0,8,3,1
38,0,0,0,1,235,29,48,205.917,33,0,1,5,8,4,1
39,0,0,0,1,260,50,36,205.917,23,0,4,0,8,4,1
40,0,0,0,1,184,42,27,241.476,21,0,0,0,9,1,0
41,0,0,0,1,118,10,37,241.476,28,0,0,0,9,0,1
42,0,0,0,1,179,51,38,241.476,31,0,0,0,9,1,1
43,0,1,0,0,235,20,43,241.476,38,0,1,0,9,1,1
44,0,0,0,1,155,12,34,241.476,25,0,2,0,9,2,0
45,0,0,0,1,118,10,37,241.476,28,0,0,0,9,6,0
46,0,0,0,1,179,51,38,241.476,31,0,0,0,9,0,0
47,0,0,0,1,291,31,40,241.476,25,0,1,1,9,3,1
48,0,0,0,1,260,50,36,241.476,23,0,4,0,9,4,1
49,1,0,0,0,291,31,40,241.476,25,0,1,1,9,0,1
50,0,0,0,0,260,50,36,241.476,23,0,4,0,9,0,0
51,0,0,0,0,225,26,28,241.476,24,0,1,2,9,0,0
52,0,0,0,1,225,26,28,241.476,24,0,1,2,9,1,0
53,0,0,0,1,118,10,37,241.476,28,0,0,0,9,1,0
54,0,0,0,0,289,36,33,241.476,30,0,2,1,9,1,0
55,0,0,0,0,118,13,50,241.476,31,0,1,0,9,1,0
56,0,1,0,0,225,26,28,241.476,24,0,1,2,9,2,0
57,0,0,0,1,179,51,38,241.476,31,0,0,0,9,2,0
58,0,0,0,0,369,17,31,241.476,25,0,3,0,9,2,0
59,0,0,0,1,248,25,47,241.476,32,0,2,1,9,4,0
60,0,0,0,1,179,51,38,241.476,31,0,0,0,9,4,0
61,0,0,0,1,260,50,36,241.476,23,0,4,0,9,4,1
62,0,0,0,1,179,51,38,253.465,31,0,0,0,10,1,0
63,0,0,0,1,118,10,37,253.465,28,0,0,0,10,1,0
64,0,0,0,0,118,13,50,253.465,31,0,1,0,10,2,0
65,0,0,0,1,179,26,30,253.465,19,1,0,0,10,3,0
66,0,0,0,1,179,51,38,253.465,31,0,0,0,10,4,0
67,0,0,0,1,225,26,28,253.465,24,0,1,2,10,4,0
68,0,0,0,1,118,10,37,253.465,28,0,0,0,10,1,0
69,0,0,0,1,225,26,28,253.465,24,0,1,2,10,2,0
70,0,0,0,1,248,25,47,253.465,32,0,2,1,10,2,0
71,0,0,0,1,291,31,40,253.465,25,0,1,1,10,3,1
72,0,0,0,1,179,51,38,253.465,31,0,0,0,10,2,1
73,0,0,0,1,225,26,28,253.465,24,0,1,2,10,2,0
74,0,1,0,0,260,50,36,253.465,23,0,4,0,10,3,1
75,1,0,0,0,291,31,40,253.465,25,0,1,1,10,1,1
76,0,0,0,1,225,26,28,253.465,24,0,1,2,10,1,0
77,0,0,0,1,289,36,33,253.465,30,0,2,1,10,2,1
78,0,0,0,1,361,52,28,253.465,27,0,1,4,10,4,0
79,0,0,0,1,260,50,36,253.465,23,0,4,0,10,4,0
80,0,0,0,1,179,51,38,306.345,31,0,0,0,11,3,0
81,0,0,0,1,225,26,28,306.345,24,0,1,2,11,2,0
82,1,0,0,0,179,51,38,306.345,31,0,0,0,11,3,1
83,0,1,0,0,179,22,40,306.345,22,1,2,0,11,3,1
84,0,0,0,1,291,31,40,306.345,25,0,1,1,11,3,1
85,1,0,0,0,155,12,34,306.345,25,0,2,0,11,0,1
86,0,0,0,1,189,29,33,306.345,25,0,2,2,11,0,1
87,1,0,0,0,291,31,40,306.345,25,0,1,1,11,0,1
88,0,0,0,1,225,26,28,306.345,24,0,1,2,11,2,0
89,1,0,0,0,155,12,34,306.345,25,0,2,0,11,4,1
90,0,0,0,1,225,26,28,306.345,24,0,1,2,11,2,0
91,0,1,0,0,179,22,40,306.345,22,1,2,0,11,2,1
92,1,0,0,0,225,26,28,306.345,24,0,1,2,11,4,0
93,0,0,0,1,260,50,36,306.345,23,0,4,0,11,4,1
94,0,0,0,1,248,25,47,306.345,32,0,2,1,11,0,0
95,0,0,0,1,225,26,28,306.345,24,0,1,2,11,1,0
96,1,0,0,0,289,36,33,306.345,30,0,2,1,11,2,1
97,0,0,0,1,291,31,40,306.345,25,0,1,1,11,3,0
98,0,0,0,1,248,25,47,261.306,32,0,2,1,12,1,0
99,0,1,0,0,118,10,37,261.306,28,0,0,0,12,1,1
100,0,0,0,1,118,13,50,261.306,31,0,1,0,12,2,0
101,0,0,0,1,235,11,37,261.306,29,1,1,1,12,2,1
102,0,0,0,1,225,26,28,261.306,24,0,1,2,12,3,0
103,0,0,0,1,260,50,36,261.306,23,0,4,0,12,4,1
104,0,1,0,0,118,10,37,261.306,28,0,0,0,12,1,1
105,0,0,0,1,361,52,28,261.306,27,0,1,4,12,2,1
106,0,0,0,1,225,26,28,261.306,24,0,1,2,12,3,0
107,0,0,0,1,260,50,36,261.306,23,0,4,0,12,4,0
108,0,0,0,1,225,26,28,261.306,24,0,1,2,12,1,0
109,0,0,0,1,361,52,28,261.306,27,0,1,4,12,2,1
110,0,0,0,1,118,10,37,261.306,28,0,0,0,12,4,0
111,0,1,0,0,246,25,41,261.306,23,0,0,0,12,4,1
112,0,0,0,1,225,26,28,261.306,24,0,1,2,12,4,0
113,0,0,0,1,225,26,28,308.593,24,0,1,2,1,2,0
114,0,1,0,0,118,10,37,308.593,28,0,0,0,1,0,0
115,0,0,0,1,118,10,37,308.593,28,0,0,0,1,1,0
116,0,1,0,0,155,12,34,308.593,25,0,2,0,1,1,1
117,0,0,0,1,225,26,28,308.593,24,0,1,2,1,2,0
118,0,0,0,1,184,42,27,308.593,21,0,0,0,1,3,0
119,0,0,0,1,225,26,28,308.593,24,0,1,2,1,3,0
120,0,0,0,1,225,26,28,308.593,24,0,1,2,1,4,0
121,0,0,0,1,118,10,37,308.593,28,0,0,0,1,0,0
122,0,0,0,1,225,26,28,308.593,24,0,1,2,1,1,0
123,0,0,0,1,118,10,37,308.593,28,0,0,0,1,1,0
124,0,0,0,1,118,10,37,308.593,28,0,0,0,1,2,0
125,0,0,0,1,118,10,37,308.593,28,0,0,0,1,3,0
126,0,0,0,1,118,10,37,308.593,28,0,0,0,1,4,0
127,0,0,0,1,118,10,37,308.593,28,0,0,0,1,0,0
128,0,0,0,1,118,10,37,308.593,28,0,0,0,1,1,0
129,0,1,0,0,179,26,30,308.593,19,1,0,0,1,1,1
130,0,1,0,0,289,36,33,308.593,30,0,2,1,1,1,1
131,0,0,0,1,118,10,37,308.593,28,0,0,0,1,2,0
132,0,0,0,1,184,42,27,308.593,21,0,0,0,1,3,0
133,0,0,0,1,118,10,37,308.593,28,0,0,0,1,3,0
134,0,0,0,1,118,10,37,308.593,28,0,0,0,1,0,0
135,0,0,0,1,225,26,28,308.593,24,0,1,2,1,1,0
136,0,0,0,1,289,36,33,308.593,30,0,2,1,1,3,0
137,0,0,0,1,184,42,27,302.585,21,0,0,0,2,4,0
138,1,0,0,0,246,25,41,302.585,23,0,0,0,2,2,1
139,1,0,0,0,179,51,38,302.585,31,0,0,0,2,2,1
140,0,0,0,1,155,12,34,302.585,25,0,2,0,2,3,0
141,0,0,0,1,189,29,33,302.585,25,0,2,2,2,3,1
142,0,0,0,1,260,50,36,302.585,23,0,4,0,2,4,0
143,0,0,0,1,289,36,33,302.585,30,0,2,1,2,4,1
144,1,0,0,0,388,15,50,302.585,24,0,0,0,2,0,1
145,1,0,0,0,388,15,50,302.585,24,0,0,0,2,1,1
146,0,0,0,1,225,26,28,302.585,24,0,1,2,2,0,0
147,0,0,0,1,225,26,28,302.585,24,0,1,2,2,1,0
148,0,0,0,1,179,26,30,302.585,19,1,0,0,2,1,0
149,0,0,0,1,184,42,27,302.585,21,0,0,0,2,1,1
150,0,0,0,1,225,26,28,302.585,24,0,1,2,2,3,0
151,0,1,0,0,330,16,28,302.585,25,1,0,0,2,0,1
152,0,0,0,1,330,16,28,302.585,25,1,0,0,2,1,0
153,0,0,0,1,225,26,28,302.585,24,0,1,2,2,2,0
154,0,1,0,0,189,29,33,302.585,25,0,2,2,2,3,1
155,0,0,0,1,291,50,32,343.25300000000004,23,0,0,0,3,1,0
156,0,1,0,0,260,50,36,343.25300000000004,23,0,4,0,3,1,1
157,0,1,0,0,157,27,29,343.25300000000004,22,0,0,0,3,1,0
158,0,0,1,0,179,22,40,343.25300000000004,22,1,2,0,3,1,1
159,0,0,0,1,291,31,40,343.25300000000004,25,0,1,1,3,2,1
160,1,0,0,0,260,50,36,343.25300000000004,23,0,4,0,3,2,1
161,1,0,0,0,179,26,30,343.25300000000004,19,1,0,0,3,3,1
162,1,0,0,0,248,25,47,343.25300000000004,32,0,2,1,3,4,0
163,1,0,0,0,260,50,36,343.25300000000004,23,0,4,0,3,4,1
164,1,0,0,0,179,22,40,343.25300000000004,22,1,2,0,3,0,1
165,1,0,0,0,155,12,34,343.25300000000004,25,0,2,0,3,0,1
166,0,0,0,1,260,50,36,343.25300000000004,23,0,4,0,3,0,1
167,1,0,0,0,155,12,34,343.25300000000004,25,0,2,0,3,1,1
168,1,0,0,0,289,36,33,343.25300000000004,30,0,2,1,3,3,1
169,1,0,0,0,179,22,40,343.25300000000004,22,1,2,0,3,3,1
170,0,0,0,1,260,50,36,343.25300000000004,23,0,4,0,3,4,1
171,0,0,0,1,225,26,28,343.25300000000004,24,0,1,2,3,4,0
172,1,0,0,0,279,5,39,343.25300000000004,24,0,2,0,3,0,1
173,1,0,0,0,179,51,38,343.25300000000004,31,0,0,0,3,1,1
174,0,0,0,1,225,26,28,343.25300000000004,24,0,1,2,3,2,0
175,1,0,0,0,225,26,28,343.25300000000004,24,0,1,2,3,0,1
176,1,0,0,0,179,26,30,343.25300000000004,19,1,0,0,3,0,0
177,1,0,0,0,225,26,28,343.25300000000004,24,0,1,2,3,1,1
178,1,0,0,0,225,26,28,343.25300000000004,24,0,1,2,3,2,1
179,1,0,0,0,179,51,38,343.25300000000004,31,0,0,0,3,2,0
180,1,0,0,0,279,5,39,343.25300000000004,24,0,2,0,3,3,1
181,0,0,0,1,225,26,28,343.25300000000004,24,0,1,2,3,4,0
182,1,0,0,0,248,25,47,343.25300000000004,32,0,2,1,3,4,0
183,0,0,0,1,225,26,28,343.25300000000004,24,0,1,2,3,0,0
184,0,0,0,1,291,31,40,326.452,25,0,1,1,4,2,0
185,0,0,0,1,225,26,28,326.452,24,0,1,2,4,2,0
186,0,0,0,1,155,12,34,326.452,25,0,2,0,4,1,0
187,1,0,0,0,246,25,41,326.452,23,0,0,0,4,2,1
188,0,0,0,1,155,12,34,326.452,25,0,2,0,4,3,0
189,0,0,0,1,225,26,28,326.452,24,0,1,2,4,4,0
190,0,0,0,1,260,50,36,326.452,23,0,4,0,4,4,1
191,1,0,0,0,179,51,38,326.452,31,0,0,0,4,2,1
192,0,0,0,1,118,13,50,326.452,31,0,1,0,4,3,0
193,0,0,0,1,291,31,40,326.452,25,0,1,1,4,4,0
194,1,0,0,0,246,25,41,326.452,23,0,0,0,4,4,1
195,0,0,0,1,291,31,40,326.452,25,0,1,1,4,4,0
196,0,0,0,1,248,25,47,326.452,32,0,2,1,4,4,1
197,0,1,0,0,260,50,36,326.452,23,0,4,0,4,4,1
198,0,1,0,0,289,36,33,326.452,30,0,2,1,4,1,1
199,1,0,0,0,155,12,34,326.452,25,0,2,0,4,2,1
200,0,1,0,0,378,49,36,326.452,21,0,2,4,4,2,1
201,1,0,0,0,289,36,33,326.452,30,0,2,1,4,3,1
202,1,0,0,0,235,11,37,326.452,29,1,1,1,4,4,0
203,0,0,0,0,235,29,48,326.452,33,0,1,5,4,0,0
204,1,0,0,0,289,36,33,378.884,30,0,2,1,5,2,1
205,0,0,0,1,155,12,34,378.884,25,0,2,0,5,3,0
206,0,0,0,1,155,12,34,378.884,25,0,2,0,5,0,0
207,0,1,0,0,179,51,38,378.884,31,0,0,0,5,1,1
208,0,1,0,0,225,26,28,378.884,24,0,1,2,5,1,1
209,1,0,0,0,184,42,27,378.884,21,0,0,0,5,2,1
210,0,0,0,1,155,12,34,378.884,25,0,2,0,5,0,0
211,1,0,0,0,179,51,38,378.884,31,0,0,0,5,1,0
212,1,0,0,0,289,36,33,378.884,30,0,2,1,5,2,1
213,0,0,0,0,279,5,39,378.884,24,0,2,0,5,2,0
214,0,0,0,0,330,16,28,378.884,25,1,0,0,5,2,0
215,0,0,0,0,378,49,36,378.884,21,0,2,4,5,2,0
216,0,0,0,0,388,15,50,378.884,24,0,0,0,5,2,0
217,1,0,0,0,179,51,38,378.884,31,0,0,0,5,1,0
218,1,0,0,0,118,13,50,378.884,31,0,1,0,5,2,1
219,0,0,0,1,361,52,28,378.884,27,0,1,4,5,4,1
220,0,1,0,0,246,25,41,377.55,23,0,0,0,6,0,1
221,0,0,0,1,361,52,28,377.55,27,0,1,4,6,0,1
222,1,0,0,0,246,25,41,377.55,23,0,0,0,6,1,1
223,0,0,0,1,291,31,40,377.55,25,0,1,1,6,3,1
224,1,0,0,0,246,25,41,377.55,23,0,0,0,6,4,1
225,1,0,0,0,179,51,38,377.55,31,0,0,0,6,0,1
226,0,0,0,1,155,12,34,377.55,25,0,2,0,6,0,1
227,1,0,0,0,246,25,41,377.55,23,0,0,0,6,0,1
228,1,0,0,0,118,13,50,377.55,31,0,1,0,6,2,1
229,1,0,0,0,235,11,37,377.55,29,1,1,1,6,4,1
230,0,0,0,1,118,13,50,377.55,31,0,1,0,6,1,0
231,1,0,0,0,118,13,50,377.55,31,0,1,0,6,2,1
232,0,0,0,1,378,49,36,377.55,21,0,2,4,6,3,1
233,1,0,0,0,179,51,38,377.55,31,0,0,0,6,4,0
234,0,0,0,1,289,48,49,377.55,36,0,0,2,6,0,0
235,0,0,0,1,225,26,28,377.55,24,0,1,2,6,3,0
236,0,1,0,0,155,12,34,275.312,25,0,2,0,7,1,1
237,1,0,0,0,118,13,50,275.312,31,0,1,0,7,2,1
238,1,0,0,0,118,10,37,275.312,28,0,0,0,7,4,1
239,0,0,0,1,118,10,37,275.312,28,0,0,0,7,4,1
240,0,0,0,1,330,16,28,275.312,25,1,0,0,7,1,1
241,0,1,0,0,179,26,30,275.312,19,1,0,0,7,3,1
242,0,0,0,1,155,12,34,275.312,25,0,2,0,7,4,0
243,1,0,0,0,330,16,28,275.312,25,1,0,0,7,0,1
244,1,0,0,0,330,16,28,275.312,25,1,0,0,7,1,1
245,0,0,0,1,157,27,29,275.312,22,0,0,0,7,0,0
246,0,0,0,1,361,52,28,275.312,27,0,1,4,7,1,1
247,0,0,0,1,289,36,33,275.312,30,0,2,1,7,2,1
248,0,0,0,1,179,51,38,275.312,31,0,0,0,7,3,1
249,0,1,0,0,289,36,33,275.312,30,0,2,1,7,0,1
250,0,1,0,0,289,36,33,275.312,30,0,2,1,7,3,1
251,0,0,0,0,260,50,36,275.312,23,0,4,0,7,3,0
252,0,1,0,0,289,36,33,265.615,30,0,2,1,8,3,1
253,0,1,0,0,157,27,29,265.615,22,0,0,0,8,3,0
254,0,0,0,1,289,36,33,265.615,30,0,2,1,8,6,0
255,0,1,0,0,228,14,58,265.615,22,0,2,1,8,0,1
256,1,0,0,0,300,26,43,265.615,25,0,2,1,8,2,0
257,1,0,0,0,300,26,43,265.615,25,0,2,1,8,2,0
258,0,0,0,1,260,50,36,265.615,23,0,4,0,8,3,1
259,0,0,0,1,289,36,33,265.615,30,0,2,1,8,0,1
260,0,0,0,1,248,25,47,265.615,32,0,2,1,8,1,0
261,1,0,0,0,268,11,33,265.615,25,1,0,0,8,2,1
262,0,0,0,1,179,26,30,265.615,19,1,0,0,8,2,0
263,1,0,0,0,118,13,50,265.615,31,0,1,0,8,2,0
264,0,0,0,1,248,25,47,265.615,32,0,2,1,8,6,0
265,0,0,0,1,235,11,37,265.615,29,1,1,1,8,0,0
266,0,0,0,1,118,13,50,265.615,31,0,1,0,8,2,0
267,0,1,0,0,235,11,37,265.615,29,1,1,1,8,2,1
268,1,0,0,0,361,52,28,265.615,27,0,1,4,8,0,1
269,1,0,0,0,184,42,27,265.615,21,0,0,0,8,1,1
270,1,0,0,0,179,51,38,294.217,31,0,0,0,9,0,1
271,0,0,0,1,179,51,38,294.217,31,0,0,0,9,4,0
272,0,1,0,0,289,36,33,294.217,30,0,2,1,9,2,1
273,0,0,0,0,235,20,43,294.217,38,0,1,0,9,3,0
274,1,0,0,0,246,25,41,294.217,23,0,0,0,9,0,1
275,0,0,0,1,291,31,40,294.217,25,0,1,1,9,1,0
276,0,0,0,0,231,35,39,294.217,35,0,2,2,9,1,0
277,0,0,0,0,291,50,32,294.217,23,0,0,0,9,1,0
278,1,0,0,0,179,51,38,294.217,31,0,0,0,9,2,1
279,1,0,0,0,246,25,41,294.217,23,0,0,0,9,2,1
280,0,0,0,1,179,51,38,294.217,31,0,0,0,9,3,0
281,0,0,0,1,291,31,40,294.217,25,0,1,1,9,4,1
282,0,0,0,1,260,50,36,294.217,23,0,4,0,9,4,1
283,0,0,0,1,235,20,43,294.217,38,0,1,0,9,2,1
284,0,0,0,1,118,13,50,294.217,31,0,1,0,9,3,0
285,0,0,0,0,235,20,43,294.217,38,0,1,0,9,3,0
286,0,0,0,1,291,31,40,294.217,25,0,1,1,9,4,0
287,1,0,0,0,291,31,40,294.217,25,0,1,1,9,0,1
288,1,0,0,0,179,51,38,294.217,31,0,0,0,9,0,1
289,0,0,0,1,289,36,33,265.017,30,0,2,1,10,2,1
290,0,0,0,1,235,11,37,265.017,29,1,1,1,10,2,1
291,0,0,0,1,289,36,33,265.017,30,0,2,1,10,2,1
292,0,0,0,1,289,36,33,265.017,30,0,2,1,10,3,1
293,0,0,0,0,118,13,50,265.017,31,0,1,0,10,3,0
294,0,0,0,0,248,25,47,265.017,32,0,2,1,10,3,0
295,1,0,0,0,179,26,30,265.017,19,1,0,0,10,2,1
296,1,0,0,0,118,10,37,265.017,28,0,0,0,10,2,0
297,0,0,0,1,369,17,31,265.017,25,0,3,0,10,2,1
298,0,0,0,1,179,51,38,265.017,31,0,0,0,10,4,0
299,1,0,0,0,179,26,30,265.017,19,1,0,0,10,4,1
300,0,0,0,0,235,20,43,265.017,38,0,1,0,10,4,0
301,0,1,0,0,289,36,33,265.017,30,0,2,1,10,5,1
302,0,0,0,1,260,50,36,265.017,23,0,4,0,10,6,0
303,0,0,0,0,235,20,43,265.017,38,0,1,0,10,6,0
304,0,0,0,1,235,20,43,265.017,38,0,1,0,10,2,0
305,0,0,0,1,235,20,43,265.017,38,0,1,0,10,2,0
306,0,0,0,1,118,13,50,265.017,31,0,1,0,10,3,0
307,0,0,0,1,291,31,40,265.017,25,0,1,1,10,3,1
308,0,0,0,1,179,26,30,265.017,19,1,0,0,10,5,1
309,0,0,0,1,118,13,50,265.017,31,0,1,0,10,5,0
310,1,0,0,0,361,52,28,265.017,27,0,1,4,10,2,1
311,0,0,0,0,260,50,36,265.017,23,0,4,0,10,3,0
312,0,0,0,0,291,31,40,265.017,25,0,1,1,10,3,0
313,0,0,0,0,157,27,29,265.017,22,0,0,0,10,3,0
314,1,0,0,0,179,26,30,265.017,19,1,0,0,10,4,1
315,1,0,0,0,179,26,30,265.017,19,1,0,0,10,4,1
316,0,0,0,1,118,13,50,265.017,31,0,1,0,10,5,0
317,1,0,0,0,118,10,37,284.031,28,0,0,0,11,0,1
318,0,0,0,1,248,25,47,284.031,32,0,2,1,11,0,0
319,1,0,0,0,179,51,38,284.031,31,0,0,0,11,1,1
320,0,0,0,1,260,50,36,284.031,23,0,4,0,11,4,0
321,0,0,0,1,291,31,40,284.031,25,0,1,1,11,0,0
322,1,0,0,0,378,49,36,284.031,21,0,2,4,11,0,1
323,1,0,0,0,155,12,34,284.031,25,0,2,0,11,0,1
324,0,0,0,1,235,20,43,284.031,38,0,1,0,11,0,1
325,0,0,0,0,330,16,28,284.031,25,1,0,0,11,1,0
326,0,1,0,0,235,11,37,284.031,29,1,1,1,11,2,0
327,1,0,0,0,118,10,37,284.031,28,0,0,0,11,2,0
328,0,0,0,1,235,11,37,284.031,29,1,1,1,11,3,0
329,0,0,0,1,179,51,38,284.031,31,0,0,0,11,3,0
330,1,0,0,0,246,25,41,284.031,23,0,0,0,11,4,1
331,1,0,0,0,291,31,40,284.031,25,0,1,1,11,4,1
332,1,0,0,0,246,25,41,284.031,23,0,0,0,11,0,1
333,0,0,0,1,179,51,38,284.031,31,0,0,0,11,1,0
334,1,0,0,0,260,50,36,284.031,23,0,4,0,11,2,1
335,0,0,1,0,260,50,36,284.031,23,0,4,0,11,4,1
336,0,0,0,0,378,49,36,284.031,21,0,2,4,11,4,0
337,0,0,0,0,279,5,39,284.031,24,0,2,0,11,1,0
338,0,0,0,1,179,51,38,284.031,31,0,0,0,11,3,0
339,1,0,0,0,225,26,28,236.62900000000002,24,0,1,2,12,0,0
340,0,0,0,1,179,51,38,236.62900000000002,31,0,0,0,12,0,0
341,0,0,0,1,179,51,38,236.62900000000002,31,0,0,0,12,0,0
342,0,0,0,1,235,11,37,236.62900000000002,29,1,1,1,12,0,0
343,0,0,0,1,118,13,50,236.62900000000002,31,0,1,0,12,1,0
344,0,0,0,1,260,50,36,236.62900000000002,23,0,4,0,12,4,1
345,1,0,0,0,246,25,41,236.62900000000002,23,0,0,0,12,3,1
346,0,0,0,1,179,51,38,236.62900000000002,31,0,0,0,12,3,0
347,0,0,0,1,179,51,38,236.62900000000002,31,0,0,0,12,4,0
348,0,0,0,1,179,26,30,236.62900000000002,19,1,0,0,12,1,0
349,0,0,0,1,118,10,37,236.62900000000002,28,0,0,0,12,1,1
350,0,0,0,1,235,11,37,236.62900000000002,29,1,1,1,12,3,0
351,0,0,0,1,179,51,38,236.62900000000002,31,0,0,0,12,4,0
352,1,0,0,0,235,20,43,236.62900000000002,38,0,1,0,12,1,1
353,1,0,0,0,235,11,37,236.62900000000002,29,1,1,1,12,1,1
354,0,0,0,1,260,50,36,236.62900000000002,23,0,4,0,12,2,1
355,0,0,0,1,157,27,29,236.62900000000002,22,0,0,0,12,0,0
356,0,0,0,1,179,51,38,236.62900000000002,31,0,0,0,12,0,0
357,0,1,0,0,289,36,33,236.62900000000002,30,0,2,1,12,0,1
358,0,0,0,1,225,26,28,330.061,24,0,1,2,1,2,1
359,0,1,0,0,118,10,37,330.061,28,0,0,0,1,0,1
360,0,0,0,1,155,12,34,330.061,25,0,2,0,1,0,0
361,1,0,0,0,235,11,37,330.061,29,1,1,1,1,1,0
362,0,0,0,1,155,12,34,330.061,25,0,2,0,1,1,1
363,0,0,0,1,289,36,33,330.061,30,0,2,1,1,0,1
364,1,0,0,0,291,31,40,330.061,25,0,1,1,1,2,1
365,0,0,0,1,235,20,43,330.061,38,0,1,0,1,0,1
366,0,0,0,1,118,13,50,330.061,31,0,1,0,1,0,1
367,0,0,0,1,179,51,38,330.061,31,0,0,0,1,2,0
368,0,0,0,1,179,51,38,330.061,31,0,0,0,1,4,0
369,0,0,0,1,118,10,37,251.81799999999998,28,0,0,0,2,1,0
370,0,0,0,1,179,51,38,251.81799999999998,31,0,0,0,2,2,0
371,1,0,0,0,225,26,28,251.81799999999998,24,0,1,2,2,2,0
372,0,0,0,1,289,36,33,251.81799999999998,30,0,2,1,2,4,0
373,0,0,0,1,260,50,36,251.81799999999998,23,0,4,0,2,4,0
374,0,0,0,1,179,51,38,251.81799999999998,31,0,0,0,2,4,0
375,0,0,0,1,179,51,38,251.81799999999998,31,0,0,0,2,0,0
376,0,0,0,1,179,51,38,251.81799999999998,31,0,0,0,2,2,0
377,1,0,0,0,179,51,38,251.81799999999998,31,0,0,0,2,3,1
378,0,0,0,1,246,25,41,251.81799999999998,23,0,0,0,2,3,1
379,0,0,0,1,179,51,38,251.81799999999998,31,0,0,0,2,4,0
380,0,0,0,1,189,29,33,251.81799999999998,25,0,2,2,2,0,1
381,0,0,0,1,179,51,38,251.81799999999998,31,0,0,0,2,0,0
382,0,0,0,1,246,25,41,251.81799999999998,23,0,0,0,2,1,0
383,0,0,0,1,291,31,40,251.81799999999998,25,0,1,1,2,1,0
384,1,0,0,0,157,27,29,251.81799999999998,22,0,0,0,2,2,1
385,0,0,0,1,179,51,38,251.81799999999998,31,0,0,0,2,2,0
386,0,0,0,1,179,51,38,251.81799999999998,31,0,0,0,2,4,0
387,1,0,0,0,246,25,41,251.81799999999998,23,0,0,0,2,4,1
388,0,0,0,1,179,51,38,251.81799999999998,31,0,0,0,2,2,0
389,0,0,0,1,179,51,38,251.81799999999998,31,0,0,0,2,4,0
390,0,1,0,0,118,10,37,244.387,28,0,0,0,3,1,1
391,0,1,0,0,246,25,41,244.387,23,0,0,0,3,2,1
392,0,0,0,1,246,25,41,244.387,23,0,0,0,3,4,0
393,0,0,0,1,260,50,36,244.387,23,0,4,0,3,4,1
394,0,0,0,1,179,51,38,244.387,31,0,0,0,3,0,0
395,0,0,0,1,235,11,37,244.387,29,1,1,1,3,0,1
396,0,0,0,1,179,22,40,244.387,22,1,2,0,3,1,1
397,0,0,0,1,378,49,36,244.387,21,0,2,4,3,1,1
398,0,0,0,1,179,51,38,244.387,31,0,0,0,3,0,1
399,0,0,0,1,361,52,28,244.387,27,0,1,4,3,2,1
400,0,0,0,0,369,17,31,244.387,25,0,3,0,3,2,0
401,0,1,0,0,235,11,37,244.387,29,1,1,1,3,3,1
402,0,0,0,1,118,13,50,244.387,31,0,1,0,3,4,0
403,1,0,0,0,118,13,50,244.387,31,0,1,0,3,1,0
404,1,0,0,0,118,13,50,244.387,31,0,1,0,3,2,1
405,0,0,0,0,235,11,37,244.387,29,1,1,1,3,3,0
406,0,0,0,0,246,25,41,244.387,23,0,0,0,3,3,0
407,0,0,0,0,118,13,50,244.387,31,0,1,0,3,3,0
408,0,0,0,1,179,51,38,244.387,31,0,0,0,3,4,1
409,0,0,0,1,289,36,33,244.387,30,0,2,1,3,4,1
410,0,1,0,0,260,50,36,244.387,23,0,4,0,3,0,1
411,0,0,0,1,246,25,41,244.387,23,0,0,0,3,1,0
412,0,0,0,1,179,51,38,239.40900000000002,31,0,0,0,4,2,1
413,0,0,0,1,260,50,36,239.40900000000002,23,0,4,0,4,4,0
414,0,0,0,1,330,16,28,239.40900000000002,25,1,0,0,4,4,1
415,0,0,0,1,369,17,31,239.40900000000002,25,0,3,0,4,0,1
416,0,0,0,1,248,25,47,239.40900000000002,32,0,2,1,4,0,1
417,0,0,0,1,330,16,28,239.40900000000002,25,1,0,0,4,2,1
418,0,0,0,1,179,51,38,239.40900000000002,31,0,0,0,4,2,1
419,0,0,0,1,118,13,50,239.40900000000002,31,0,1,0,4,0,0
420,1,0,0,0,118,13,50,239.40900000000002,31,0,1,0,4,2,1
421,0,0,0,1,300,26,43,239.40900000000002,25,0,2,1,4,4,1
422,0,0,0,1,260,50,36,239.40900000000002,23,0,4,0,4,4,1
423,0,0,0,1,179,51,38,239.40900000000002,31,0,0,0,4,0,1
424,1,0,0,0,118,10,37,239.40900000000002,28,0,0,0,4,2,0
425,1,0,0,0,235,20,43,246.074,38,0,1,0,5,0,1
426,0,0,0,1,248,25,47,246.074,32,0,2,1,5,2,0
427,1,0,0,0,369,17,31,246.074,25,0,3,0,5,0,1
428,0,0,0,1,179,26,30,246.074,19,1,0,0,5,2,0
429,0,0,0,1,179,51,38,246.074,31,0,0,0,5,2,1
430,0,0,0,1,361,52,28,246.074,27,0,1,4,5,3,0
431,0,0,0,1,260,50,36,246.074,23,0,4,0,5,4,0
432,1,0,0,0,179,22,40,246.074,22,1,2,0,5,0,0
433,1,0,0,0,179,22,40,246.074,22,1,2,0,5,0,0
434,0,1,0,0,228,14,58,246.074,22,0,2,1,5,2,1
435,0,0,0,1,225,26,28,246.074,24,0,1,2,5,2,0
436,1,0,0,0,330,16,28,246.074,25,1,0,0,5,4,1
437,0,0,0,1,179,26,30,246.074,19,1,0,0,5,0,0
438,0,0,0,1,118,10,37,246.074,28,0,0,0,5,0,0
439,1,0,0,0,235,11,37,246.074,29,1,1,1,5,0,1
440,0,0,0,1,179,26,30,246.074,19,1,0,0,5,2,0
441,0,0,0,1,118,10,37,253.957,28,0,0,0,6,0,0
442,0,0,0,1,179,51,38,253.957,31,0,0,0,6,0,0
443,0,0,0,1,118,10,37,253.957,28,0,0,0,6,1,0
444,0,0,0,1,225,26,28,253.957,24,0,1,2,6,3,1
445,0,0,0,1,260,50,36,253.957,23,0,4,0,6,4,1
446,0,0,0,0,179,51,38,253.957,31,0,0,0,6,4,0
447,1,0,0,0,291,31,40,253.957,25,0,1,1,6,0,1
448,0,0,0,1,179,51,38,253.957,31,0,0,0,6,0,1
449,0,0,0,1,246,25,41,253.957,23,0,0,0,6,1,0
450,0,0,0,1,179,51,38,253.957,31,0,0,0,6,0,1
451,0,0,0,1,235,20,43,253.957,38,0,1,0,6,1,1
452,0,0,0,1,179,51,38,253.957,31,0,0,0,6,0,0
453,0,0,0,1,225,26,28,253.957,24,0,1,2,6,2,0
454,0,0,0,1,118,13,50,253.957,31,0,1,0,6,2,0
455,1,0,0,0,179,51,38,253.957,31,0,0,0,6,2,1
456,0,1,0,0,179,26,30,253.957,19,1,0,0,6,2,0
457,0,0,0,1,246,25,41,253.957,23,0,0,0,6,4,0
458,1,0,0,0,330,16,28,253.957,25,1,0,0,6,1,0
459,1,0,0,0,235,11,37,253.957,29,1,1,1,6,1,1
460,0,0,0,1,179,26,30,230.29,19,1,0,0,7,3,0
461,0,0,0,1,225,26,28,230.29,24,0,1,2,7,3,1
462,1,0,0,0,260,50,36,230.29,23,0,4,0,7,4,1
463,1,0,0,0,268,11,33,230.29,25,1,0,0,7,0,1
464,0,0,0,1,330,16,28,230.29,25,1,0,0,7,4,1
465,0,0,0,1,118,10,37,230.29,28,0,0,0,7,4,1
466,0,0,0,1,260,50,36,230.29,23,0,4,0,7,0,1
467,0,0,0,1,118,10,37,230.29,28,0,0,0,7,1,1
468,0,0,1,0,300,26,43,230.29,25,0,2,1,7,0,1
469,0,0,0,1,235,29,48,230.29,33,0,1,5,7,0,0
470,0,0,0,1,246,25,41,230.29,23,0,0,0,7,1,0
471,1,0,0,0,225,26,28,230.29,24,0,1,2,7,1,1
472,0,0,0,1,179,51,38,230.29,31,0,0,0,7,1,0
473,0,0,0,1,118,13,50,230.29,31,0,1,0,7,4,0
474,0,0,0,1,361,52,28,230.29,27,0,1,4,7,4,1
475,0,0,0,1,289,36,33,230.29,30,0,2,1,7,0,1
476,0,0,0,1,235,20,43,230.29,38,0,1,0,7,0,1
477,0,0,0,1,246,25,41,230.29,23,0,0,0,7,1,0
478,0,0,0,1,291,31,40,230.29,25,0,1,1,7,3,0
479,0,0,0,1,279,5,39,230.29,24,0,2,0,7,3,0
480,0,0,0,1,179,51,38,249.797,31,0,0,0,8,3,1
481,0,0,0,1,179,22,40,249.797,22,1,2,0,8,0,0
482,0,0,0,1,246,25,41,249.797,23,0,0,0,8,1,1
483,0,0,0,1,118,10,37,249.797,28,0,0,0,8,1,1
484,0,0,0,1,289,36,33,249.797,30,0,2,1,8,1,1
485,0,0,0,1,235,20,43,249.797,38,0,1,0,8,1,1
486,0,0,0,1,291,31,40,249.797,25,0,1,1,8,3,1
487,0,0,0,1,179,51,38,249.797,31,0,0,0,8,0,1
488,0,0,0,1,179,22,40,249.797,22,1,2,0,8,1,1
489,0,0,0,1,330,16,28,249.797,25,1,0,0,8,3,1
490,0,0,0,1,235,11,37,249.797,29,1,1,1,8,1,1
491,0,0,0,1,246,25,41,249.797,23,0,0,0,8,1,0
492,0,0,0,1,118,10,37,249.797,28,0,0,0,8,1,1
493,0,0,0,1,291,31,40,249.797,25,0,1,1,8,3,0
494,0,0,0,1,260,50,36,249.797,23,0,4,0,8,0,0
495,0,0,0,1,246,25,41,261.756,23,0,0,0,9,1,0
496,0,0,0,1,246,25,41,261.756,23,0,0,0,9,1,0
497,0,0,0,1,118,10,37,261.756,28,0,0,0,9,1,0
498,0,0,0,1,155,12,34,261.756,25,0,2,0,9,1,0
499,0,0,0,1,291,31,40,261.756,25,0,1,1,9,3,0
500,0,0,0,1,179,26,30,261.756,19,1,0,0,9,4,1
501,0,0,0,1,248,25,47,261.756,32,0,2,1,9,4,0
502,0,0,0,1,179,51,38,261.756,31,0,0,0,9,0,1
503,0,0,0,1,225,26,28,261.756,24,0,1,2,9,2,0
504,0,0,0,1,179,26,30,261.756,19,1,0,0,9,0,0
505,0,0,0,1,369,17,31,261.756,25,0,3,0,9,1,1
506,0,0,0,1,361,52,28,261.756,27,0,1,4,9,1,1
507,1,0,0,0,289,48,49,284.853,36,0,0,2,10,3,0
508,1,0,0,0,235,16,32,284.853,25,1,0,0,10,3,0
509,0,0,0,1,246,25,41,284.853,23,0,0,0,10,4,1
510,1,0,0,0,289,48,49,284.853,36,0,0,2,10,2,0
511,0,0,0,1,291,31,40,284.853,25,0,1,1,10,2,0
512,0,0,0,1,118,10,37,284.853,28,0,0,0,10,1,0
513,0,0,0,1,289,48,49,284.853,36,0,0,2,10,3,0
514,0,0,0,1,291,31,40,284.853,25,0,1,1,10,4,0
515,0,0,0,1,225,26,28,284.853,24,0,1,2,10,1,0
516,0,0,0,1,369,17,31,284.853,25,0,3,0,10,1,1
517,0,0,0,1,369,17,31,284.853,25,0,3,0,10,1,0
518,0,0,0,1,225,26,28,284.853,24,0,1,2,10,1,1
519,0,0,0,1,369,17,31,284.853,25,0,3,0,10,1,1
520,0,0,0,1,179,51,38,284.853,31,0,0,0,10,2,0
521,1,0,0,0,228,14,58,284.853,22,0,2,1,10,2,0
522,0,0,0,1,291,31,40,284.853,25,0,1,1,10,2,0
523,1,0,0,0,369,17,31,284.853,25,0,3,0,10,3,1
524,1,0,0,0,225,26,28,284.853,24,0,1,2,10,3,0
525,1,0,0,0,369,17,31,284.853,25,0,3,0,10,4,1
526,1,0,0,0,225,26,28,284.853,24,0,1,2,10,4,0
527,0,0,0,1,189,29,33,284.853,25,0,2,2,10,6,1
528,1,0,0,0,235,16,32,284.853,25,1,0,0,10,6,1
529,1,0,0,0,248,25,47,284.853,32,0,2,1,10,6,1
530,0,0,0,0,225,26,28,284.853,24,0,1,2,10,6,0
531,1,0,0,0,225,26,28,284.853,24,0,1,2,10,1,0
532,0,1,0,0,179,51,38,268.519,31,0,0,0,11,1,0
533,0,0,0,1,118,10,37,268.519,28,0,0,0,11,2,0
534,1,0,0,0,330,16,28,268.519,25,1,0,0,11,2,1
535,0,0,0,1,179,51,38,268.519,31,0,0,0,11,4,0
536,1,0,0,0,118,10,37,268.519,28,0,0,0,11,1,1
537,0,0,0,1,289,36,33,268.519,30,0,2,1,11,2,1
538,1,0,0,0,235,16,32,268.519,25,1,0,0,11,4,1
539,0,0,0,1,225,26,28,268.519,24,0,1,2,11,4,1
540,0,0,0,1,361,52,28,268.519,27,0,1,4,11,1,1
541,0,0,0,1,291,31,40,268.519,25,0,1,1,11,2,0
542,1,0,0,0,118,10,37,268.519,28,0,0,0,11,3,0
543,1,0,0,0,225,26,28,268.519,24,0,1,2,11,3,0
544,0,0,0,1,179,51,38,268.519,31,0,0,0,11,0,0
545,0,0,0,1,118,10,37,268.519,28,0,0,0,11,0,1
546,1,0,0,0,118,10,37,268.519,28,0,0,0,11,1,1
547,0,0,0,1,225,26,28,268.519,24,0,1,2,11,1,0
548,0,0,0,0,291,31,40,268.519,25,0,1,1,11,1,0
549,0,0,0,0,289,36,33,268.519,30,0,2,1,11,2,0
550,1,0,0,0,248,25,47,268.519,32,0,2,1,11,3,1
551,0,0,0,0,235,20,43,268.519,38,0,1,0,11,3,0
552,0,0,0,1,225,26,28,268.519,24,0,1,2,11,4,0
553,0,0,0,1,369,17,31,268.519,25,0,3,0,11,4,1
554,0,0,0,1,361,52,28,268.519,27,0,1,4,11,0,0
555,1,0,0,0,179,51,38,280.54900000000004,31,0,0,0,12,1,1
556,0,0,0,1,291,31,40,280.54900000000004,25,0,1,1,12,2,0
557,0,0,0,1,225,26,28,280.54900000000004,24,0,1,2,12,2,0
558,1,0,0,0,179,26,30,280.54900000000004,19,1,0,0,12,4,0
559,0,0,0,1,225,26,28,280.54900000000004,24,0,1,2,12,4,0
560,0,0,0,1,225,26,28,280.54900000000004,24,0,1,2,12,2,0
561,1,0,0,0,361,52,28,280.54900000000004,27,0,1,4,12,3,1
562,0,1,0,0,179,22,40,280.54900000000004,22,1,2,0,12,4,0
563,0,0,0,1,235,20,43,280.54900000000004,38,0,1,0,12,4,1
564,0,1,0,0,233,51,31,280.54900000000004,21,1,1,8,12,0,1
565,1,0,0,0,179,26,30,280.54900000000004,19,1,0,0,12,1,1
566,0,0,0,1,225,26,28,280.54900000000004,24,0,1,2,12,1,0
567,0,0,0,1,225,26,28,280.54900000000004,24,0,1,2,12,3,0
568,0,0,0,1,225,26,28,280.54900000000004,24,0,1,2,12,0,0
569,0,1,0,0,155,12,34,280.54900000000004,25,0,2,0,12,1,1
570,1,0,0,0,179,26,30,313.532,19,1,0,0,1,0,1
571,1,0,0,0,179,26,30,313.532,19,1,0,0,1,3,1
572,0,0,0,1,179,22,40,313.532,22,1,2,0,1,3,0
573,0,0,0,1,179,22,40,313.532,22,1,2,0,1,4,0
574,1,0,0,0,179,26,30,313.532,19,1,0,0,1,0,0
575,0,0,0,1,179,22,40,313.532,22,1,2,0,1,2,0
576,1,0,0,0,289,48,49,313.532,36,0,0,2,1,3,1
577,0,1,0,0,179,22,40,313.532,22,1,2,0,1,4,0
578,0,0,0,1,179,26,30,313.532,19,1,0,0,1,0,0
579,0,1,0,0,155,12,34,313.532,25,0,2,0,1,1,1
580,0,0,0,1,179,26,30,313.532,19,1,0,0,1,2,0
581,0,0,0,1,179,51,38,313.532,31,0,0,0,1,2,0
582,1,0,0,0,289,36,33,313.532,30,0,2,1,1,2,1
583,0,0,0,1,179,51,38,313.532,31,0,0,0,1,3,0
584,0,0,0,1,179,51,38,313.532,31,0,0,0,1,4,0
585,1,0,0,0,179,51,38,264.249,31,0,0,0,2,1,1
586,0,0,0,1,225,26,28,264.249,24,0,1,2,2,1,0
587,1,0,0,0,248,25,47,264.249,32,0,2,1,2,2,1
588,0,0,0,1,179,51,38,264.249,31,0,0,0,2,2,0
589,0,0,0,1,225,26,28,264.249,24,0,1,2,2,3,0
590,0,0,0,1,179,51,38,264.249,31,0,0,0,2,3,0
591,0,0,0,1,179,26,30,264.249,19,1,0,0,2,3,0
592,0,0,0,1,225,15,41,264.249,28,1,2,2,2,4,0
593,0,0,0,1,179,51,38,264.249,31,0,0,0,2,4,0
594,0,1,0,0,233,51,31,264.249,21,1,1,8,2,0,0
595,0,0,0,1,179,51,38,264.249,31,0,0,0,2,0,0
596,1,0,0,0,225,26,28,264.249,24,0,1,2,2,1,1
597,0,0,0,1,179,51,38,264.249,31,0,0,0,2,2,0
598,0,0,0,1,179,51,38,264.249,31,0,0,0,2,3,0
599,0,0,0,1,225,26,28,264.249,24,0,1,2,2,3,0
600,1,0,0,0,179,26,30,264.249,19,1,0,0,2,3,0
601,0,0,0,1,179,22,40,264.249,22,1,2,0,2,4,0
602,0,0,0,1,179,51,38,264.249,31,0,0,0,2,4,0
603,1,0,0,0,233,51,31,264.249,21,1,1,8,2,2,0
604,0,0,0,1,179,26,30,264.249,19,1,0,0,2,2,0
605,0,0,0,1,179,51,38,264.249,31,0,0,0,2,2,0
606,1,0,0,0,179,51,38,264.249,31,0,0,0,2,3,1
607,0,0,0,1,179,51,38,264.249,31,0,0,0,2,4,0
608,0,0,0,1,155,12,34,264.249,25,0,2,0,2,0,1
609,0,0,0,1,235,16,32,264.249,25,1,0,0,2,0,0
610,0,0,0,1,179,51,38,264.249,31,0,0,0,2,0,0
611,1,0,0,0,225,26,28,264.249,24,0,1,2,2,0,0
612,0,0,0,1,179,51,38,264.249,31,0,0,0,2,1,0
613,0,0,0,1,248,25,47,264.249,32,0,2,1,2,1,0
614,0,0,0,1,225,26,28,264.249,24,0,1,2,2,1,0
615,0,0,0,1,179,51,38,264.249,31,0,0,0,2,2,0
616,0,0,0,1,179,51,38,264.249,31,0,0,0,2,3,0
617,0,0,0,1,235,16,32,264.249,25,1,0,0,2,4,0
618,0,0,0,1,179,51,38,222.196,31,0,0,0,3,0,0
619,0,0,0,1,248,25,47,222.196,32,0,2,1,3,0,0
620,0,0,0,1,228,14,58,222.196,22,0,2,1,3,1,0
621,0,0,0,1,248,25,47,222.196,32,0,2,1,3,1,0
622,1,0,0,0,228,14,58,222.196,22,0,2,1,3,1,1
623,0,0,0,1,179,51,38,222.196,31,0,0,0,3,2,0
624,0,0,0,1,225,26,28,222.196,24,0,1,2,3,3,0
625,0,0,0,1,179,51,38,222.196,31,0,0,0,3,3,0
626,0,0,0,1,225,26,28,222.196,24,0,1,2,3,3,0
627,0,0,0,1,179,26,30,222.196,19,1,0,0,3,4,0
628,0,0,0,1,235,16,32,222.196,25,1,0,0,3,0,0
629,0,1,0,0,361,52,28,222.196,27,0,1,4,3,0,1
630,1,0,0,0,179,51,38,222.196,31,0,0,0,3,1,1
631,0,0,0,1,179,51,38,222.196,31,0,0,0,3,2,0
632,0,0,0,1,179,51,38,222.196,31,0,0,0,3,3,0
633,0,0,0,1,179,26,30,222.196,19,1,0,0,3,4,0
634,1,0,0,0,179,51,38,222.196,31,0,0,0,3,0,1
635,1,0,0,0,248,25,47,222.196,32,0,2,1,3,0,0
636,0,0,0,1,179,51,38,222.196,31,0,0,0,3,0,0
637,1,0,0,0,225,26,28,222.196,24,0,1,2,3,0,1
638,0,0,0,1,179,51,38,222.196,31,0,0,0,3,1,0
639,0,0,0,1,289,36,33,222.196,30,0,2,1,3,2,1
640,0,0,0,1,228,14,58,222.196,22,0,2,1,3,2,0
641,0,0,0,1,179,51,38,222.196,31,0,0,0,3,2,0
642,0,0,0,1,248,25,47,222.196,32,0,2,1,3,3,0
643,0,0,0,1,179,51,38,222.196,31,0,0,0,3,3,0
644,0,0,0,1,179,26,30,222.196,19,1,0,0,3,4,0
645,0,0,0,1,179,51,38,222.196,31,0,0,0,3,4,0
646,0,0,0,1,179,51,38,222.196,31,0,0,0,3,1,0
647,0,0,0,1,118,15,46,222.196,25,0,2,0,3,2,1
648,1,0,0,0,155,12,34,222.196,25,0,2,0,3,2,1
649,0,0,0,1,179,51,38,222.196,31,0,0,0,3,2,0
650,0,0,0,1,179,51,38,222.196,31,0,0,0,3,3,0
651,1,0,0,0,179,26,30,222.196,19,1,0,0,3,0,0
652,0,1,0,0,289,36,33,222.196,30,0,2,1,3,0,1
653,0,0,0,1,369,17,31,222.196,25,0,3,0,3,2,1
654,1,0,0,0,225,26,28,246.28799999999998,24,0,1,2,4,0,1
655,1,0,0,0,118,10,37,246.28799999999998,28,0,0,0,4,0,1
656,0,1,0,0,361,52,28,246.28799999999998,27,0,1,4,4,1,1
657,0,1,0,0,248,25,47,246.28799999999998,32,0,2,1,4,2,1
658,1,0,0,0,189,29,33,246.28799999999998,25,0,2,2,4,3,1
659,0,0,0,1,179,26,30,246.28799999999998,19,1,0,0,4,4,0
660,1,0,0,0,369,17,31,246.28799999999998,25,0,3,0,4,0,1
661,0,0,1,0,179,22,40,246.28799999999998,22,1,2,0,4,1,0
662,0,0,0,1,118,13,50,246.28799999999998,31,0,1,0,4,1,0
663,0,0,0,1,361,52,28,246.28799999999998,27,0,1,4,4,1,0
664,1,0,0,0,118,10,37,246.28799999999998,28,0,0,0,4,2,0
665,0,0,0,1,235,11,37,246.28799999999998,29,1,1,1,4,4,1
666,0,0,0,1,179,26,30,246.28799999999998,19,1,0,0,4,4,0
667,0,1,0,0,225,26,28,246.28799999999998,24,0,1,2,4,0,1
668,0,0,1,0,235,16,32,246.28799999999998,25,1,0,0,4,1,0
669,0,0,0,1,179,26,30,246.28799999999998,19,1,0,0,4,4,0
670,0,0,0,1,155,12,34,246.28799999999998,25,0,2,0,4,1,1
671,0,1,0,0,225,26,28,246.28799999999998,24,0,1,2,4,3,1
672,1,0,0,0,118,13,50,246.28799999999998,31,0,1,0,4,3,0
673,0,0,0,1,179,26,30,246.28799999999998,19,1,0,0,4,4,0
674,0,0,0,1,235,11,37,237.65599999999998,29,1,1,1,5,0,1
675,0,1,0,0,225,15,41,237.65599999999998,28,1,2,2,5,2,0
676,0,0,0,1,235,16,32,237.65599999999998,25,1,0,0,5,2,0
677,1,0,0,0,118,10,37,237.65599999999998,28,0,0,0,5,2,0
678,0,0,0,1,235,20,43,237.65599999999998,38,0,1,0,5,2,1
679,1,0,0,0,179,26,30,237.65599999999998,19,1,0,0,5,3,0
680,0,0,0,1,291,31,40,237.65599999999998,25,0,1,1,5,3,0
681,1,0,0,0,225,15,41,237.65599999999998,28,1,2,2,5,3,1
682,0,1,0,0,300,26,43,237.65599999999998,25,0,2,1,5,4,1
683,0,0,0,1,225,15,41,237.65599999999998,28,1,2,2,5,4,1
684,0,0,0,1,179,26,30,237.65599999999998,19,1,0,0,5,4,0
685,0,0,0,1,118,13,50,237.65599999999998,31,0,1,0,5,0,0
686,1,0,0,0,118,13,50,237.65599999999998,31,0,1,0,5,1,0
687,0,0,0,1,118,10,37,237.65599999999998,28,0,0,0,5,1,0
688,0,0,0,0,118,13,50,237.65599999999998,31,0,1,0,5,1,0
689,0,0,0,1,179,26,30,237.65599999999998,19,1,0,0,5,2,0
690,0,0,0,0,378,49,36,237.65599999999998,21,0,2,4,5,2,0
691,0,0,1,0,179,22,40,237.65599999999998,22,1,2,0,5,4,0
692,1,0,0,0,155,12,34,237.65599999999998,25,0,2,0,5,0,1
693,1,0,0,0,235,16,32,237.65599999999998,25,1,0,0,5,0,1
694,0,0,0,1,291,31,40,237.65599999999998,25,0,1,1,5,2,1
695,1,0,0,0,179,22,40,237.65599999999998,22,1,2,0,5,2,1
696,1,0,0,0,225,26,28,237.65599999999998,24,0,1,2,5,2,0
697,1,0,0,0,330,16,28,237.65599999999998,25,1,0,0,5,3,1
698,0,0,0,1,235,16,32,237.65599999999998,25,1,0,0,5,3,0
699,0,0,0,1,291,31,40,237.65599999999998,25,0,1,1,5,3,0
